
CREATE DATABASE /*!32312 IF NOT EXISTS*/`attendance` /*!40100 DEFAULT CHARACTER SET latin1 */;

USE `attendance`;

/*Table structure for table `tbl_admin` */

DROP TABLE IF EXISTS `tbl_admin`;

CREATE TABLE `tbl_admin` (
  `admin_id` int(11) NOT NULL AUTO_INCREMENT,
  `admin_user_name` varchar(100) NOT NULL,
  `admin_password` varchar(150) NOT NULL,
  PRIMARY KEY (`admin_id`)
) ENGINE=InnoDB AUTO_INCREMENT=2 DEFAULT CHARSET=latin1;

/*Data for the table `tbl_admin` */

insert  into `tbl_admin`(`admin_id`,`admin_user_name`,`admin_password`) values
(1,'admin','$2y$10$D74Zy1qMkATvmGRoVeq7hed4ajWof2aqDGnEaD3yPHABA.p.e7f4u');

/*Table structure for table `tbl_attendance` */

DROP TABLE IF EXISTS `tbl_attendance`;

CREATE TABLE `tbl_attendance` (
  `attendance_id` int(11) NOT NULL AUTO_INCREMENT,
  `student_id` int(11) NOT NULL,
  `attendance_status` enum('Present','Absent') NOT NULL,
  `attendance_date` date NOT NULL,
  `teacher_id` int(11) NOT NULL,
  PRIMARY KEY (`attendance_id`)
) ENGINE=InnoDB AUTO_INCREMENT=211 DEFAULT CHARSET=latin1;

/*Data for the table `tbl_attendance` */

insert  into `tbl_attendance`(`attendance_id`,`student_id`,`attendance_status`,`attendance_date`,`teacher_id`) values
  (1,1,'Present','2021-05-01',2),
  (2,3,'Present','2021-05-01',2),
  (3,4,'Absent','2021-05-01',2),
  (4,5,'Present','2021-05-01',2),
  (5,6,'Present','2021-05-01',2),
  (6,7,'Present','2021-05-01',3),
  (7,8,'Present','2021-05-01',3),
  (8,9,'Present','2021-05-01',3),
  (9,10,'Absent','2021-05-01',3),
  (10,11,'Present','2021-05-01',3),
  (11,12,'Present','2021-05-01',4),
  (12,13,'Present','2021-05-01',4),
  (13,14,'Present','2021-05-01',4),
  (14,15,'Present','2021-05-01',4),
  (15,16,'Present','2021-05-01',4),
  (16,17,'Present','2021-05-01',5),
  (17,18,'Present','2021-05-01',5),
  (18,19,'Present','2021-05-01',5),
  (19,20,'Present','2021-05-01',5),
  (20,21,'Absent','2021-05-01',5),
  (21,1,'Present','2021-05-03',2),
  (22,3,'Present','2021-05-03',2),
  (23,4,'Present','2021-05-03',2),
  (24,5,'Present','2021-05-03',2),
  (25,6,'Present','2021-05-03',2),
  (26,7,'Present','2021-05-03',3),
  (27,8,'Present','2021-05-03',3),
  (28,9,'Absent','2021-05-03',3),
  (29,10,'Absent','2021-05-03',3),
  (30,11,'Present','2021-05-03',3),
  (31,12,'Present','2021-05-03',4),
  (32,13,'Present','2021-05-03',4),
  (33,14,'Present','2021-05-03',4),
  (34,15,'Present','2021-05-03',4),
  (35,16,'Present','2021-05-03',4),
  (36,17,'Present','2021-05-03',5),
  (37,18,'Present','2021-05-03',5),
  (38,19,'Present','2021-05-03',5),
  (39,20,'Present','2021-05-03',5),
  (40,21,'Absent','2021-05-03',5),
  (41,1,'Present','2021-05-04',2),
  (42,3,'Present','2021-05-04',2),
  (43,4,'Present','2021-05-04',2),
  (44,5,'Present','2021-05-04',2),
  (45,6,'Absent','2021-05-04',2),
  (46,7,'Present','2021-05-04',3),
  (47,8,'Present','2021-05-04',3),
  (48,9,'Present','2021-05-04',3),
  (49,10,'Present','2021-05-04',3),
  (50,11,'Present','2021-05-04',3),
  (51,12,'Present','2021-05-04',4),
  (52,13,'Present','2021-05-04',4),
  (53,14,'Absent','2021-05-04',4),
  (54,15,'Present','2021-05-04',4),
  (55,16,'Absent','2021-05-04',4),
  (56,17,'Present','2021-05-04',5),
  (57,18,'Present','2021-05-04',5),
  (58,19,'Present','2021-05-04',5),
  (59,20,'Present','2021-05-04',5),
  (60,21,'Absent','2021-05-04',5),
  (61,1,'Present','2021-05-05',2),
  (62,3,'Present','2021-05-05',2),
  (63,4,'Present','2021-05-05',2),
  (64,5,'Absent','2021-05-05',2),
  (65,6,'Present','2021-05-05',2),
  (66,7,'Present','2021-05-05',3),
  (67,8,'Present','2021-05-05',3),
  (68,9,'Present','2021-05-05',3),
  (69,10,'Present','2021-05-05',3),
  (70,11,'Present','2021-05-05',3),
  (71,12,'Absent','2021-05-05',4),
  (72,13,'Present','2021-05-05',4),
  (73,14,'Present','2021-05-05',4),
  (74,15,'Present','2021-05-05',4),
  (75,16,'Absent','2021-05-05',4),
  (76,17,'Present','2021-05-05',5),
  (77,18,'Present','2021-05-05',5),
  (78,19,'Present','2021-05-05',5),
  (79,20,'Present','2021-05-05',5),
  (80,21,'Absent','2021-05-05',5),
  (81,1,'Present','2021-05-06',2),
  (82,3,'Present','2021-05-06',2),
  (83,4,'Present','2021-05-06',2),
  (84,5,'Present','2021-05-06',2),
  (85,6,'Absent','2021-05-06',2),
  (86,7,'Absent','2021-05-06',3),
  (87,8,'Present','2021-05-06',3),
  (88,9,'Present','2021-05-06',3),
  (89,10,'Absent','2021-05-06',3),
  (90,11,'Present','2021-05-06',3),
  (91,12,'Present','2021-05-06',4),
  (92,13,'Absent','2021-05-06',4),
  (93,14,'Absent','2021-05-06',4),
  (94,15,'Present','2021-05-06',4),
  (95,16,'Present','2021-05-06',4),
  (96,17,'Present','2021-05-06',5),
  (97,18,'Absent','2021-05-06',5),
  (98,19,'Present','2021-05-06',5),
  (99,20,'Absent','2021-05-06',5),
  (100,21,'Absent','2021-05-06',5),
  (101,1,'Present','2021-05-07',2),
  (102,3,'Present','2021-05-07',2),
  (103,4,'Absent','2021-05-07',2),
  (104,5,'Present','2021-05-07',2),
  (105,6,'Present','2021-05-07',2),
  (106,7,'Absent','2021-05-07',3),
  (107,8,'Present','2021-05-07',3),
  (108,9,'Absent','2021-05-07',3),
  (109,10,'Present','2021-05-07',3),
  (110,11,'Present','2021-05-07',3),
  (111,12,'Present','2021-05-07',4),
  (112,13,'Present','2021-05-07',4),
  (113,14,'Present','2021-05-07',4),
  (114,15,'Present','2021-05-07',4),
  (115,16,'Present','2021-05-07',4),
  (116,17,'Present','2021-05-07',5),
  (117,18,'Present','2021-05-07',5),
  (118,19,'Present','2021-05-07',5),
  (119,20,'Absent','2021-05-07',5),
  (120,21,'Present','2021-05-07',5),
  (121,1,'Present','2021-05-08',2),
  (122,3,'Present','2021-05-08',2),
  (123,4,'Present','2021-05-08',2),
  (124,5,'Present','2021-05-08',2),
  (125,6,'Present','2021-05-08',2),
  (126,7,'Present','2021-05-08',3),
  (127,8,'Present','2021-05-08',3),
  (128,9,'Present','2021-05-08',3),
  (129,10,'Present','2021-05-08',3),
  (130,11,'Present','2021-05-08',3),
  (131,12,'Absent','2021-05-08',4),
  (132,13,'Absent','2021-05-08',4),
  (133,14,'Present','2021-05-08',4),
  (134,15,'Present','2021-05-08',4),
  (135,16,'Absent','2021-05-08',4),
  (136,17,'Present','2021-05-08',5),
  (137,18,'Present','2021-05-08',5),
  (138,19,'Present','2021-05-08',5),
  (139,20,'Present','2021-05-08',5),
  (140,21,'Absent','2021-05-08',5),
  (141,1,'Present','2021-05-10',2),
  (142,3,'Absent','2021-05-10',2),
  (143,4,'Present','2021-05-10',2),
  (144,5,'Present','2021-05-10',2),
  (145,6,'Present','2021-05-10',2),
  (146,7,'Present','2021-05-10',3),
  (147,8,'Present','2021-05-10',3),
  (148,9,'Present','2021-05-10',3),
  (149,10,'Present','2021-05-10',3),
  (150,11,'Present','2021-05-10',3),
  (151,12,'Present','2021-05-10',4),
  (152,13,'Present','2021-05-10',4),
  (153,14,'Present','2021-05-10',4),
  (154,15,'Absent','2021-05-10',4),
  (155,16,'Present','2021-05-10',4),
  (156,17,'Present','2021-05-10',5),
  (157,18,'Present','2021-05-10',5),
  (158,19,'Present','2021-05-10',5),
  (159,20,'Present','2021-05-10',5),
  (160,21,'Present','2021-05-10',5),
  (161,1,'Present','2021-05-11',2),
  (162,3,'Present','2021-05-11',2),
  (163,4,'Present','2021-05-11',2),
  (164,5,'Absent','2021-05-11',2),
  (165,6,'Present','2021-05-11',2),
  (166,7,'Present','2021-05-11',3),
  (167,8,'Present','2021-05-11',3),
  (168,9,'Present','2021-05-11',3),
  (169,10,'Present','2021-05-11',3),
  (170,11,'Present','2021-05-11',3),
  (171,12,'Present','2021-05-11',4),
  (172,13,'Present','2021-05-11',4),
  (173,14,'Present','2021-05-11',4),
  (174,15,'Present','2021-05-11',4),
  (175,16,'Absent','2021-05-11',4),
  (176,17,'Present','2021-05-11',5),
  (177,18,'Present','2021-05-11',5),
  (178,19,'Absent','2021-05-11',5),
  (179,20,'Absent','2021-05-11',5),
  (180,21,'Absent','2021-05-11',5),
  (181,1,'Present','2021-05-12',2),
  (182,3,'Present','2021-05-12',2),
  (183,4,'Absent','2021-05-12',2),
  (184,5,'Present','2021-05-12',2),
  (185,6,'Present','2021-05-12',2),
  (186,7,'Present','2021-05-12',3),
  (187,8,'Present','2021-05-12',3),
  (188,9,'Present','2021-05-12',3),
  (189,10,'Present','2021-05-12',3),
  (190,11,'Present','2021-05-12',3),
  (191,12,'Present','2021-05-12',4),
  (192,13,'Present','2021-05-12',4),
  (193,14,'Present','2021-05-12',4),
  (194,15,'Present','2021-05-12',4),
  (195,16,'Present','2021-05-12',4),
  (196,17,'Present','2021-05-12',5),
  (197,18,'Present','2021-05-12',5),
  (198,19,'Present','2021-05-12',5),
  (199,20,'Present','2021-05-12',5),
  (200,21,'Absent','2021-05-12',5),
  (201,1,'Absent','2021-05-13',2),
  (202,3,'Present','2021-05-13',2),
  (203,4,'Present','2021-05-13',2),
  (204,5,'Present','2021-05-13',2),
  (205,6,'Present','2021-05-13',2),
  (206,7,'Present','2021-05-13',3),
  (207,8,'Present','2021-05-13',3),
  (208,9,'Present','2021-05-13',3),
  (209,10,'Present','2021-05-13',3),
  (210,11,'Present','2021-05-13',3),
  (211,12,'Present','2021-05-13',4),
  (212,13,'Absent','2021-05-13',4),
  (213,14,'Present','2021-05-13',4),
  (214,15,'Absent','2021-05-13',4),
  (215,16,'Present','2021-05-13',4),
  (216,17,'Present','2021-05-13',5),
  (217,18,'Present','2021-05-13',5),
  (218,19,'Present','2021-05-13',5),
  (219,20,'Present','2021-05-13',5),
  (220,21,'Present','2021-05-13',5),
  (221,1,'Present','2021-05-14',2),
  (222,3,'Present','2021-05-14',2),
  (223,4,'Present','2021-05-14',2),
  (224,5,'Present','2021-05-14',2),
  (225,6,'Present','2021-05-14',2),
  (226,7,'Present','2021-05-14',3),
  (227,8,'Present','2021-05-14',3),
  (228,9,'Present','2021-05-14',3),
  (229,10,'Present','2021-05-14',3),
  (230,11,'Present','2021-05-14',3),
  (231,12,'Present','2021-05-14',4),
  (232,13,'Present','2021-05-14',4),
  (233,14,'Present','2021-05-14',4),
  (234,15,'Present','2021-05-14',4),
  (235,16,'Present','2021-05-14',4),
  (236,17,'Absent','2021-05-14',5),
  (237,18,'Present','2021-05-14',5),
  (238,19,'Present','2021-05-14',5),
  (239,20,'Present','2021-05-14',5),
  (240,21,'Present','2021-05-14',5);

/*Table structure for table `tbl_grade` */

DROP TABLE IF EXISTS `tbl_grade`;

CREATE TABLE `tbl_grade` (
  `grade_id` int(11) NOT NULL AUTO_INCREMENT,
  `grade_name` varchar(10) NOT NULL,
  PRIMARY KEY (`grade_id`)
) ENGINE=InnoDB AUTO_INCREMENT=6 DEFAULT CHARSET=latin1;

/*Data for the table `tbl_grade` */

insert  into `tbl_grade`(`grade_id`,`grade_name`) values
(1,'11 - A'),
(2,'11 - B'),
(3,'12 - A'),
(4,'12 - B'),
(5,'11 - C');

/*Table structure for table `tbl_student` */

DROP TABLE IF EXISTS `tbl_student`;

CREATE TABLE `tbl_student` (
  `student_id` int(11) NOT NULL AUTO_INCREMENT,
  `student_name` varchar(150) NOT NULL,
  `student_roll_number` int(11) NOT NULL,
  `student_dob` date NOT NULL,
  `student_grade_id` int(11) NOT NULL,
  PRIMARY KEY (`student_id`)
) ENGINE=InnoDB AUTO_INCREMENT=23 DEFAULT CHARSET=latin1;

/*Data for the table `tbl_student` */

insert  into `tbl_student`(`student_id`,`student_name`,`student_roll_number`,`student_dob`,`student_grade_id`) values
(1,'Edward Hedberg',1,'2003-03-04',1),
(3,'William Crawford',2,'2003-04-19',1),
(4,'Renee Crowe',3,'2004-01-15',1),
(5,'Lillian Williams',4,'2003-12-14',1),
(6,'Betty Mayer',5,'2003-07-12',1),
(7,'Sally Luna',1,'2003-12-19',2),
(8,'Richard Smith',2,'2002-12-19',2),
(9,'Phyllis Shoop',3,'2003-04-01',2),
(10,'Earl Perry',4,'2003-08-15',2),
(11,'Minnie Morris',5,'2003-06-18',2),
(12,'Lisa Ochoa',1,'2002-05-01',3),
(13,'Marcus Holmes',2,'2002-04-12',3),
(14,'Ernesto Arnold',3,'2002-10-12',3),
(15,'Lillian Harris',4,'2002-02-27',3),
(16,'Charles Reed',5,'2002-06-12',3),
(17,'Lois Gonzales',1,'2002-08-17',4),
(18,'Mary Floyd',2,'2002-09-18',4),
(19,'Maria Biggs',3,'2002-07-15',4),
(20,'Cleo Phillips',4,'2002-01-14',4),
(21,'Rafael Royal',5,'2002-12-05',4),
(22,'Jeremy Breawer',1,'2002-04-11',5);

/*Table structure for table `tbl_teacher` */

DROP TABLE IF EXISTS `tbl_teacher`;

CREATE TABLE `tbl_teacher` (
  `teacher_id` int(11) NOT NULL AUTO_INCREMENT,
  `teacher_name` varchar(150) NOT NULL,
  `teacher_address` text NOT NULL,
  `teacher_emailid` varchar(100) NOT NULL,
  `teacher_password` varchar(100) NOT NULL,
  `teacher_qualification` varchar(100) NOT NULL,
  `teacher_doj` date NOT NULL,
  `teacher_image` varchar(100) NOT NULL,
  `teacher_grade_id` int(11) NOT NULL,
  PRIMARY KEY (`teacher_id`)
) ENGINE=InnoDB AUTO_INCREMENT=6 DEFAULT CHARSET=latin1;

/*Data for the table `tbl_teacher` */

insert  into `tbl_teacher`(`teacher_id`,`teacher_name`,`teacher_address`,`teacher_emailid`,`teacher_password`,`teacher_qualification`,`teacher_doj`,`teacher_image`,`teacher_grade_id`) values
(2,'Jonathan Gonzalez','1810 Kuhl Avenue Gainesville, GA 30501','jonathan12@gmail.com','$2y$10$s2MmR/Ml6ohRRrrFY0SRQ.vWohGvthVsKe59zgLOIvm3Qd0PzavD2','B.Sc, B.Ed','2019-05-01','5cdd2ed638edc.jpg',1),
(3,'Peter Parker','620 Jody Road, Philadelphia, PA 19108','peter_parker@gmail.com','$2y$10$jmgJN1xvteg6XqBnHvT7UerviGNJOSnF8KFzBHnCky0FJWa74Nvmu','M.Sc, B. Ed','2017-12-31','5ce53488d50ec.jpg',2),
(4,'John Smith','780 University Drive, Chicago, IL 60606','john.smith@gmail.com','$2y$10$Vb9t4CvkJwm41KXgPehuLOFcM7o5Qdm1RFxSBxzh9cvBcc21AUAiW','B.Sc','2019-05-01','5cdd2f35be8fa.jpg',3),
(5,'Donna Hubber','3354 Round Table Drive, Cincinnati, OH 45240','donna.huber@gmail.com','$2y$10$SVxX4/7lf3pDs1vrpuJexOG7Ue1e1jqIntGmXip3JzxkB753uxBiO','M.Sc','2019-05-01','5cdd2f767568c.jpg',4);
